Lemma,POS,Freq
@card@,CARD,84706557
neu,ADJA,18181617
groß,ADJA,14171946
Zeit,NN,11707865
einfach,ADJD,10369726
Mensch,NN,10308206
Tag,NN,9658088
klein,ADJA,8872547
Frau,NN,6534440
Deutschland,NE,6271934
alt,ADJA,6169581
Uhr,NN,5768548
@card@,ADJA,5675200
schnell,ADJD,5116337
richtig,ADJD,4442349
Mann,NN,4288435
schön,ADJA,4031390
Information,NN,4001491
Buch,NN,3987861
wichtig,ADJA,3578040
lang,ADJA,3554426
Geld,NN,3467988
schön,ADJD,3261272
Film,NN,3221353
rund,ADV,3205070
Berlin,NE,3204482
lang,ADJD,3029608
kurz,ADJD,3010678
neu,ADJD,2875692
Familie,NN,2831761
wichtig,ADJD,2825687
Form,NN,2751064
kurz,ADJA,2735058
Internet,NN,2685911
Idee,NN,2642908
Datum,NN,2578259
richtig,ADJA,2408214
groß,ADJD,2394040
Spaß,NN,2307196
Straße,NN,2203484
echt,ADJD,2197489
Musik,NN,2167241
Tier,NN,2137335
Raum,NN,2136914
Stunde|Stunden,NN,2063745
persönlich,ADJA,1889666
A,NN,1871890
Link,NN,1854012
sozial,ADJA,1853506
Medium,NN,1764555
USA,NE,1734528
frei,ADJA,1721050
öffentlich,ADJA,1707271
Gefühl,NN,1696601
Autor,NN,1640727
Farbe,NN,1610353
dritt,ADJA,1607702
Hotel,NN,1602583
langsam,ADJD,1599383
Nacht,NN,1595580
München,NE,1560555
normal,ADJA,1559665
Arzt,NN,1530549
alt,ADJD,1516072
einfach,ADJA,1482796
super,ADJD,1478354
Sicherheit,NN,1475732
frei,ADJD,1467519
Tod,NN,1441157
November,NN,1422437
Video,NN,1369101
laut,APPR,1368522
Boden,NN,1344865
Hamburg,NE,1339552
Recht|Rechte,NN,1338962
privat,ADJA,1336006
schnell,ADJA,1303920
Dezember,NN,1280285
Sonntag,NN,1250748
persönlich,ADJD,1242833
Samstag,NN,1225040
falsch,ADJD,1215806
Wissen,NN,1212582
Kunst,NN,1193818
Pferd,NN,1185958
rot,ADJA,1184644
echt,ADJA,1172476
Schweiz,NE,1120794
schwarz,ADJA,1119331
Google,NE,1115807
Blog,NN,1100818
Bewegung,NN,1098724
Regierung,NN,1094996
Sommer,NN,1090041
Vertrag,NN,1074764
Service,NN,1056526
klein,ADJD,1029526
Wirtschaft,NN,1027947
Köln,NE,1022068
Essen,NN,1015646
weiß,ADJA,1008661
Freitag,NN,1007080
Nachricht,NN,1006689
Polizei,NN,989364
Serie,NN,988396
fertig,ADJD,984826
Frankfurt,NE,981077
falsch,ADJA,944493
@card@,ADV,913756
grün,ADJA,908475
Wetter,NN,906173
Bad,NE,904873
Webseite,NN,887814
Computer,NN,854412
Freiheit,NN,836147
Katze,NN,829326
normal,ADJD,827873
Montag,NN,800110
Wahrheit,NN,786653
Struktur,NN,786382
Bayern,NE,784430
Stuttgart,NE,783153
ruhig,ADJD,757567
SPD,NE,744911
Handy,NN,738608
Frankreich,NE,735475
China,NE,735050
User,NN,734563
Stern,NN,724553
Strom,NN,704451
Wand,NN,701003
TV,NE,698225
Küche,NN,686289
Religion,NN,684081
F,NN,673625
Donnerstag,NN,670907
Windows,NE,657480
X,NN,651962
Holz,NN,650832
CDU,NE,650410
Mittwoch,NN,649907
digital,ADJA,649716
englisch,ADJA,645572
hart,ADJA,641996
Facebook,NE,629603
Literatur,NN,626588
Online,NN,626015
U,NN,625123
Milliarde,NN,622537
Stein,NN,612532
Herbst,NN,603844
hart,ADJD,595214
Schwester,NN,592827
Leipzig,NE,589365
Israel,NE,586514
Schuld,NN,584963
Hannover,NE,583105
Dienstag,NN,580155
Radio,NN,570048
Vertrauen,NN,564583
iPhone,NN,564038
EU,NN,559088
blau,ADJA,554308
laut,ADJD,551332
regional,ADJA,548841
Grüne,NN,548743
Italien,NE,546723
Öl,NN,545809
heiß,ADJA,543586
Gold,NN,542354
kalt,ADJA,533062
weiß,ADJD,526282
Kaffee,NN,516055
Apple,NE,510390
Standard,NN,508471
Jude,NN,504610
Schuh,NN,502464
Bier,NN,502432
Dritte,NN,500751
warm,ADJA,497339
Norden,NN,495902
Kino,NN,490450
Fernsehen,NN,489681
John,NE,489650
Osten,NN,488142
Fleisch,NN,482453
cool,ADJD,481597
Weltkrieg,NN,480080
Gut,NN,480035
Ernährung,NN,469331
Japan,NE,466118
schwarz,ADJD,455968
böse,ADJA,454680
live,ADJD,452823
warm,ADJD,450012
Weste|Westen,NN,445316
Süden,NN,442516
Paris,NE,441829
bunt,ADJA,439116
App,NN,438046
Microsoft,NE,437976
Mark,NN,437379
öffentlich,ADJD,435740
Spanien,NE,432453
Tasche,NN,431802
Rock,NN,428172
London,NE,427791
Marketing,NN,426061
Game,NN,420411
Web,NN,418624
Markus,NE,415569
Bibliothek,NN,413323
Teil|Teilen,NN,412664
JavaScript,NE,412186
kalt,ADJD,401295
global,ADJA,398315
Union,NN,397041
Journalist,NN,396608
Signal,NN,393568
Christ,NN,393153
rot,ADJD,392968
FDP,NE,392828
ruhig,ADJA,391874
Sex,NN,385080
Held,NN,384138
Linke,NN,379370
Philosophie,NN,374161
Amerika,NE,372035
Fortschritt,NN,370551
Alkohol,NN,364902
einfach,ADV,350828
heiß,ADJD,349247
kreativ,ADJA,345979
Dortmund,NE,344665
Gehirn,NN,343460
privat,ADJD,341966
gelb,ADJA,340746
Verkäufer,NN,335683
Türkei,NE,332141
Hose,NN,329798
Rom,NE,328414
schlicht,ADJD,319046
Sony,NE,310453
Salz,NN,310206
Wärme,NN,309019
Twitter,NE,308690
rund,ADJA,306255
Wiese,NN,297456
Gemüse,NN,297283
gemütlich,ADJA,292403
Business,NN,291291
Griechenland,NE,290645
leise,ADJD,290029
Golf,NN,286828
Regisseur,NN,284521
Eigentum,NN,281417
Immobilie,NN,280200
Jung,NE,278781
Aktie,NN,278472
grün,ADJD,277939
Merkel,NE,272793
MP,NE,271345
Suchmaschine,NN,268710
weich,ADJA,265385
Smartphone,NN,264968
scharf,ADJA,264863
Engel,NN,264706
Karlsruhe,NE,262130
Berater,NN,261893
sozial,ADJD,255269
XP,NE,251926
Schlaf,NN,250047
böse,ADJD,250041
grau,ADJA,249016
scharf,ADJD,248050
cool,ADJA,247594
Silber,NN,241257
Windows,NN,241049
Brasilien,NE,239890
Social,ADJD,239455
George,NE,236066
Nazi,NN,235398
Schwein,NN,234602
Amerikaner,NN,233788
Ägypten,NE,232994
Kohle,NN,232655
Support,NN,232562
Rhein,NE,228037
Mann,NE,227108
Fotografie,NN,226240
Schwarz,NE,225713
Afghanistan,NE,225594
Bit,NN,224779
Hitler,NE,224083
Aachen,NE,223835
Samsung,NE,222551
Ausländer,NN,215112
blau,ADJD,213930
Möbel,NN,212641
Duisburg,NE,212370
zuverlässig,ADJD,210138
Diplom,NN,209533
Irak,NE,206792
gemütlich,ADJD,202791
Julia,NE,201803
Bayer,NN,200980
Schulter,NN,200260
Aussehen,NN,200205
William,NE,199163
fertig,ADJA,198805
A,FM,198787
weich,ADJD,198316
laut,ADJA,198095
bunt,ADJD,196855
Tourismus,NN,195385
Werder,NE,194029
Fremde,NN,193851
Weiß,NN,192938
Mannheim,NE,192512
braun,ADJA,192117
global,ADJD,190962
Wikipedia,NE,190270
solide,ADJA,188963
Dänemark,NE,188689
Flash,NE,187334
Bad,NN,187271
Streifen,NN,187117
zuverlässig,ADJA,186092
Jazz,NN,185968
Vista,NE,185440
Göttingen,NE,179423
Butter,NN,178586
YouTube,NE,178289
schlau,ADJD,177908
Hass,NN,176916
englisch,ADJD,174924
frei,PTKVZ,172983
Vernunft,NN,170512
Lisa,NE,170453
langsam,ADJA,169871
Würzburg,NE,167914
leise,ADJA,165689
Marktplatz,NN,164680
Transparenz,NN,164434
Blogger,NN,164126
Tagebuch,NN,162212
Android,NE,161962
Dreck,NN,161318
WLAN,NN,158890
Stille,NN,158096
Thailand,NE,156770
Alt,NN,156303
Teppich,NN,155798
Comic,NN,153398
Beta,NE,151915
Willi,NE,151760
Bush,NE,151067
analog,ADJA,151006
seriös,ADJA,150455
Obama,NE,149579
analog,ADJD,149424
Schokolade,NN,147944
Pilz,NN,147658
schick,ADJD,147122
Zigarette,NN,147052
Arbeitslose,NN,146594
Sam,NE,146394
Schmuck,NN,145469
Brüssel,NE,145376
Rede|Reden,NN,144972
Fitness,NN,143195
Globalisierung,NN,142339
Steve,NE,141254
schick,ADJA,140798
Mexiko,NE,140671
Jerusalem,NE,140671
Stein,NE,140399
Zoo,NN,139617
gelb,ADJD,139180
Kevin,NE,138745
kreativ,ADJD,138523
Russe,NN,138173
Vampir,NN,137836
Rauchen,NN,137753
Kochen,NN,137180
sonnig,ADJA,134924
Elektronik,NN,134327
Muslime,NE,134008
steil,ADJA,132806
Moderne,NN,132657
Java,NE,132028
SEO,NN,131399
HTML,NN,131326
Y,NN,131023
Suche|Suchen,NN,130995
Schale,NN,128973
Türke,NN,128808
Wellness,NE,128806
Tablet,NN,128002
Rucksack,NN,126183
revolutionär,ADJA,125681
grau,ADJD,123658
konservativ,ADJA,123381
Effizienz,NN,123210
Blue,NN,122583
WordPress,NE,122453
Yoga,NN,121264
Stahl,NN,121024
regional,ADJD,120768
Blau,NN,120754
Tomate,NN,120281
Mose,NE,120000
Mallorca,NE,119496
Radweg,NN,119288
schlicht,ADJA,118989
Paderborn,NE,118426
smart,ADJD,118235
Standard,NE,117878
Braun,NE,116847
Spam,NN,115874
Punk,NN,115372
Hirn,NN,114161
WWW,NN,113976
Blues,NN,113748
Nintendo,NE,112927
digital,ADJD,112206
Riese,NN,112040
Sommer,NE,111921
Atom,NN,110222
Schwarze,NN,110046
Bayer,NE,109477
Ursula,NE,109223
steil,ADJD,108647
braun,ADJD,108097
EU,NE,107994
Hollywood,NE,107209
Tun,NN,106062
Scheitern,NN,106041
Aluminium,NN,104985
Sklave,NN,104599
Plastik,NN,104289
Hugo,NE,104176
Bio,NE,103951
Bachelor,NN,103249
Haben,NN,101494
Pop,NN,100431
Grün,NN,98879
Relevanz,NN,98225
EA,NE,97734
DC,NE,97671
fertig,PTKVZ,97440
Stammtisch,NN,97138
Security,NN,96807
Nokia,NE,96764
Engel,NE,95883
Sonntag,NE,94407
Japaner,NN,93931
Osteuropa,NE,93677
Matt,NN,93659
MTV,NE,93655
rosa,ADJD,93637
hässlich,ADJA,93488
PDS,NE,93226
Einsparung,NN,92863
Hertha,NE,92824
Orange,NN,92732
Singen,NE,92158
Raucher,NN,92147
aufregend,ADJA,91609
Weblog,NN,90596
Solo,NN,90191
Ranking,NN,89774
Tina,NE,89651
Kalifornien,NE,89503
Antisemitismus,NN,89171
Kohl,NE,89134
Karneval,NN,89133
Union,NE,88677
Jim,NE,88409
Venedig,NE,87788
Couch,NN,87102
Christ,NE,86531
Entertainment,NN,85666
sexy,ADJD,85413
iPod,NE,85097
Sitz|Sitzen,NN,84436
HTC,NE,83886
Vegas,NE,83694
Journalismus,NN,82148
hässlich,ADJD,82027
schwul,ADJA,81087
Neuzeit,NN,80158
Rüdiger,NE,79504
blond,ADJA,79449
Kult,NN,79113
U-Bahn,NN,78359
Istanbul,NE,78300
Vietnam,NE,78269
Rot,NE,78147
Computerspiel,NN,78042
Latein,NN,77858
orange,ADJA,77486
Sozialdemokrat,NN,76825
Radfahren,NN,76785
Hard,NE,75600
IBM,NE,74988
zuversichtlich,ADJD,74812
Dubai,NE,74357
Zentrale,NN,74243
Gelb,NN,74194
Rot,NN,73794
Disney,NE,73492
Schmitt,NE,73370
Schwede,NN,72903
Tattoo,NN,72796
Flensburg,NE,72610
Pop,NE,72158
Schwule,NN,71775
PSP,NN,70988
Danny,NE,70664
A,NE,70255
Titan,NN,69954
Tibet,NE,69613
Ross,NN,69332
Bruce,NE,69228
seriös,ADJD,68952
Kinofilm,NN,68792
Ziege,NN,68680
vorbeugen,VVIZU,68658
Rosa,NE,68314
Faschismus,NN,68236
Mann,PIS,68113
Dunkel,NN,67460
Gladbach,NE,66489
College,NN,66368
Westerwelle,NE,66355
Energy,NN,66110
Zombie,NN,65862
Kommunismus,NN,65631
Gurke,NN,65581
Nokia,NN,65578
Niederland,NN,65494
Mobil|Mobile,NN,65340
Delphin,NN,64860
Kathedrale,NN,64213
schwul,ADJD,64079
Liberale,NN,63682
PR,NN,63476
Ehrenamt,NN,63355
Putin,NE,62934
hip,ADJD,62719
Apartment,NN,62672
Grün,NE,62387
Mark,NE,62318
Mainstream,NN,62239
Videospiel,NN,61413
aufregend,ADJD,61372
Leserbrief,NN,61124
Strahl|Strahlen,NN,60988
Vergewaltigung,NN,60098
Moslem,NN,59915
Jordan,NE,59687
Stalin,NE,59113
Komplex,NN,59104
Stadion|Stadium,NN,58648
Erdöl,NN,58504
soft,ADJD,58244
Shanghai,NE,57843
weiß,PTKVZ,57016
Modern,NN,56550
Schuppe|Schuppen,NN,54623
Nationalsozialist,NN,54385
Schildkröte,NN,54367
Kundenservice,NN,53946
Fukushima,NE,53860
Nintendo,NN,53795
Pink,NE,53000
Print,NN,52781
ME,NE,52371
Thai,NN,51940
Hell,NE,51625
Schimmel,NN,50913
schlau,ADJA,50901
Hongkong,NE,50394
Pest,NN,50296
Rob,NE,49888
Khan,NN,49492
Silver,NE,49388
Handtasche,NN,49015
Light,NN,48922
ICQ,NE,48804
Zurückhaltung,NN,48695
Elektro,NE,48535
design,NE,48302
Billion,NN,48219
Freitag,NE,48130
Handy,NE,48061
depressiv,ADJA,47936
Aids,NN,47082
Rap,NN,47077
achtziger,ADJA,46688
PR,NE,46160
Telefonieren,NN,45608
solide,ADJD,45070
Speicherkarte,NN,44674
dritt,ADJD,44632
Vegetarier,NN,44622
Homosexuelle,NN,44438
vegetarisch,ADJA,44361
sechziger,ADJA,44232
ARGE,NE,43957
Grau,NN,43457
E,NN,43247
Kennedy,NE,43234
blond,ADJD,43232
Social,NN,42980
BS,NE,42685
premium,ADJA,42439
Manchester,NE,42332
Stahl,NE,42053
irre,ADJD,41910
Feng,NE,41231
konservativ,ADJD,41200
Lehramt,NN,41117
Lenin,NE,40976
Regenbogen,NN,40783
Eule,NN,40610
sexy,ADJA,40595
Widget,NN,40572
Schwarz,NN,40465
Basteln,NN,40443
Second,NE,40423
irre,ADJA,39700
Blizzard,NN,39268
Teilzeit,NN,39168
Frankfurt,NN,39118
Arche,NN,38994
lässig,ADJD,38992
Vollzeit,NN,38822
Chuck,NE,38471
Sql,NE,38373
Bloggen,NN,38275
Vinyl,NN,38193
Özil,NE,38014
irre,PTKVZ,37961
Wiese,NE,37785
legend,ADJD,37729
Bios,NN,37629
Schnaps,NN,37535
touch,NE,37309
Laut|Laute,NN,37163
Ines,NE,36734
Tschernobyl,NE,36700
unscharf,ADJD,36410
taz,NN,35840
Verweigerung,NN,35700
Gina,NE,35552
Bösewicht,NN,34499
sonnig,ADJD,34209
Faxe,NN,34143
Landhaus,NN,33846
Champagner,NN,33791
Klitschko,NE,33544
Palm,NE,33162
Stasi,NE,33015
Pilz,NE,32899
lila,ADJA,32869
Objektivität,NN,32501
Podolski,NE,32172
schön,PTKVZ,31962
TV-Serie,NN,31772
BWL,NN,31593
Handynummer,NN,31348
Fernsehserie,NN,31327
Veteran,NN,31254
Social,NE,31251
Rosenberg,NE,31234
Konservative,NN,30853
vorbeugen,VVINF,30811
Quecksilber,NN,30487
lesbisch,ADJA,30478
iPod,NN,30202
Weiblichkeit,NN,30037
Kreditnehmer,NN,29913
eckig,ADJA,29700
Startup,NN,29543
Serbe,NN,29455
Social,ADJA,29197
vegan,ADJA,29193
Shoppen,NN,28931
Laminat,NN,28874
Stadtrand,NN,28701
Crack,NN,28505
Village,NN,28481
vegan,ADJD,27735
Sofia,NE,27541
Spin,NN,27119
Soja,NN,27069
Rückschritt,NN,27050
Raps,NN,26936
Transparenz,NE,26836
AOL,NN,26777
Online,ADJA,26685
depressiv,ADJD,26635
Einloggen,NN,26446
Bürgertum,NN,26194
Ire,NN,26163
Robbie,NE,26145
Feminismus,NN,26093
Mali,NE,25859
Geben,NN,25834
pink,ADJD,25759
Spätsommer,NN,25586
Ernsthaftigkeit,NN,25454
Polyester,NN,25266
Essen,NE,25197
Kirmes,NN,25188
Erbgut,NN,24940
Held,NE,24707
Heroin,NN,24704
L.A.,NE,24555
lässig,ADJA,24520
violett,ADJD,24502
Lesbarkeit,NN,23999
Link,VVIMP,23796
Mustang,NN,23764
Mittelmaß,NN,23682
schrill,ADJA,23523
Uruguay,NE,23354
Testosteron,NN,23312
Killerspiel,NN,23156
schwarz-weiß,ADJD,23019
premium,ADJD,22853
Schwarz-Gelb,NN,22503
Kuss|Küssen,NN,22469
Gestapo,NN,22401
Ausrufezeichen,NN,22337
violett,ADJA,22263
taz,NE,22086
vegetarisch,ADJD,21846
Vegane,NN,21510
smart,ADJA,21465
Bücherregal,NN,21327
Deutschland,NN,20909
Stadttheater,NN,20740
Subjektivität,NN,20623
Trash,NN,20289
Cäsar,NE,20268
Anarchist,NN,20235
Unterschicht,NN,19908
eindämmen,VVIZU,19882
Tomb,NE,19706
Zion,NE,19044
Foster,NE,18569
Frankenstein,NE,18550
Tyler,NE,18454
lila,ADJD,18201
Brooklyn,NE,17931
Trekking,NN,17681
Montenegro,NE,17644
Palm,NN,17589
Sprosse|Sproß,NN,17549
Rocco,NE,17541
Berry,NE,17512
Rosa,NN,17103
Tea,NE,16988
Exklusivität,NN,16862
Online,ADJD,16793
revolutionär,ADJD,16734
Hip-Hop,NN,16577
Rappen,NN,16513
Light,NE,16122
Rendsburg,NE,16103
Lila,NN,16065
Staatsschuld,NN,16052
unscharf,ADJA,16000
legend,ADJA,15930
Lotterie,NN,15795
beige,ADJA,15766
Kung,NN,15757
Wacke,NN,15724
Symbian,NE,15651
Vintage,NN,15525
vorbeugen,VVPP,15497
Crocs,NE,15484
Buffalo,NE,15481
Bedienbarkeit,NN,15213
Kontaktanzeige,NN,15081
Bildzeitung,NN,15008
MJ,NE,14992
Singlebörse,NN,14684
Limes,NN,14622
Leni,NE,14380
Spielekonsole,NN,14275
Electro,NE,14158
Akrobatik,NN,14120
Chávez,NN,14105
Spears,NE,14044
Braun,NN,13937
eckig,ADJD,13927
hip,ADJA,13862
Halbwissen,NN,13860
Riva,NE,13858
lesbisch,ADJD,13738
pink,ADJA,13691
Scala,NN,13548
schrill,ADJD,13484
Eminem,NE,13388
Subway,NE,13370
Lula,NE,13247
Blue,NE,13178
Videofilm,NN,13137
Grau,NE,12999
Saufen,NN,12948
Individualismus,NN,12945
schwarz-weiß,ADJA,12915
Schwarz-Weiß,NN,12733
Strick|Stricken,NN,12654
Kansas,NE,12557
uncool,ADJD,12392
Casper,NE,12319
Schiffer,NE,12318
Schenke|Schenken,NN,12313
Koks,NN,12282
Scorpions,NE,12255
Marzahn,NE,12208
Retail,NN,12126
Rohöl,NN,12103
beige,ADJD,12045
Ausgehen,NN,11913
Mannheim,NN,11797
Indie,NN,11791
Sortieren,NN,11785
Nippel,NN,11716
Activision,NE,11669
Viagra,NE,11495
Online-Händler,NN,11486
Pornographie,NN,11474
Pädophil,NN,11457
Roots,NN,11324
Artus,NE,11301
Uncharted,NN,11211
Link,NE,11023
vorbeugen,VVFIN,11018
Mundpropaganda,NN,10962
Zidane,NE,10956
Plattenladen,NN,10940
Gameboy,NE,10898
Platzeck,NN,10871
Tallinn,NE,10802
Messi,NN,10802
Wandtattoo,NN,10751
sechziger,NN,10528
Cleveland,NE,10457
falsch,PTKVZ,10453
Sharing,NN,10442
eindämmen,VVINF,10246
Nerds,NN,10223
Ahmadinedschad,NE,10105
Auswandern,NN,10084
Coolness,NN,10043
Cedric,NE,9721
eindämmen,VVPP,9635
Tampon,NN,9570
Form,FM,9510
Weltmusik,NN,9376
untragbar,ADJD,9334
Mari,NE,9313
Reinickendorf,NE,9184
Ecstasy,NN,9144
Sitzer,NN,9081
Schwabing,NE,9077
spießig,ADJD,8988
Filmszene,NN,8885
Sakko,NN,8863
Gärtner|Gärtnern,NN,8816
Steglitz,NE,8783
Fuck,NN,8486
Retro,NE,8451
groß,PTKVZ,8381
Woodstock,NE,8267
Weidenfeller,NN,8267
B-Seite,NN,8250
heiß,PTKVZ,8134
Limette,NN,8128
Kiffen,NN,8080
Süditalien,NE,8037
Understatement,NN,7985
türkis,ADJD,7948
Fanzine,NN,7878
Amiland,NN,7871
Underworld,NN,7806
TTIP,NN,7802
achtziger,NN,7750
Pausenhof,NN,7739
Reid,NE,7701
Türkis,NN,7700
premium,NN,7695
User,NE,7678
Dekolleté,NN,7668
Selbstjustiz,NN,7640
Flieder,NN,7626
Nate,NE,7538
Window,NE,7478
warm,PTKVZ,7413
Kopfkino,NN,7335
Bronx,NE,7279
Rapp,NE,7272
yeah,NE,7195
Valve,NE,7165
soft,ADJA,7135
WhatsApp,NN,7100
Golgatha,NE,7040
Viagra,NN,6988
Nüchternheit,NN,6954
Frankreich,NN,6925
Smoothie,NN,6907
Catwalk,NN,6854
Ponyhof,NN,6819
apps,NN,6773
Strickjacke,NN,6748
Öl,VVIMP,6675
Prunk,NN,6608
Kidd,NE,6578
SEPA,NE,6487
Elektro,NN,6487
Emo,NE,6420
Tönnies,NE,6417
spießig,ADJA,6415
Messi,NE,6384
Aristokratie,NN,6349
RIM,NN,6334
Bayern-Fan,NN,6324
Booking,NN,6247
Bonustrack,NN,6244
richtig,PTKVZ,6226
wolkig,ADJD,6205
Stripes,NN,6198
Energy,NE,6194
Fußballprofi,NN,6183
Calla,NE,6180
Wassermelone,NN,6156
neu,PTKVZ,6144
Schiffer,NN,6106
Lübke,NN,6085
Kaffeevollautomat,NN,6076
Thailand,NN,6075
Electronica,NE,6046
ACTA,NN,6037
Mint,NN,6031
Kontaktbörse,NN,5968
Tunesier,NN,5950
Vranjes,NE,5913
Augusto,NE,5861
Minimalismus,NN,5669
Rabbit,NN,5630
Katzenberger,NE,5596
Wendler,NE,5543
Priesterschaft,NN,5521
JFK,NE,5515
Maultasche,NN,5501
Othello,NE,5447
Klarsichtfolie,NN,5420
Lemmy,NE,5351
süden,ADJA,5316
Kohl,NN,5309
Chamberlain,NE,5285
Retro,NN,5240
Linke,VVIMP,5189
Steen,NE,5181
Verschicken,NN,5180
Nebraska,NE,5118
Print,NE,5027
Camel,NE,4989
Schwarzgeld,NN,4981
Polaroid,NE,4895
Toro,NE,4882
klein,PTKVZ,4797
Rourke,NE,4774
Rampage,NN,4771
Sexshop,NN,4770
Organic,NE,4759
jess,ADJD,4712
Rosenberg,NN,4667
kurz,PTKVZ,4645
Valium,NN,4596
myspace,NE,4552
Bücken,NN,4545
Ravioli,NN,4470
Rolfes,NN,4416
schmuddelig,ADJA,4386
untragbar,ADJA,4327
Ernährungsform,NN,4291
Finanzgeschäft,NN,4269
Window,NN,4267
Hellblau,NN,4258
Bierbrauer,NN,4218
Chai,NE,4102
Quan,NE,4094
türkis,ADJA,4048
Emo,NN,3933
Zumba,NN,3876
Islamophobie,NN,3845
WAV,NE,3830
gay,ADJD,3826
iPod,ADJA,3776
Zeilenumbrüche,NN,3768
Beta,NN,3682
Glam,NE,3665
cdu,NN,3601
vice,ADJA,3521
Friedenau,NE,3511
ruhig,PTKVZ,3469
Rolfes,NE,3466
Raver,NE,3455
Flip-Flop,NN,3453
yeah,NN,3441
Markenklamotte,NN,3417
zuversichtlich,ADJA,3383
Perikles,NE,3378
Valve,NN,3334
Toro,NN,3222
blau,PTKVZ,3210
schmuddelig,ADJD,3193
Neos,NN,3113
WAV,NN,3081
Spätsommer,NE,3022
Kilt,NN,3006
Tante-Emma-Laden,NN,3005
Frankenstein,NN,2968
strong,NE,2928
Erdnussbutter,NN,2928
Reinlichkeit,NN,2892
LeBron,NE,2848
Schlapphut,NN,2841
Chávez,NE,2775
Genussschein,NN,2774
Hellenismus,NN,2769
RIM,NE,2765
Tomte,NE,2725
Bloggen,VVFIN,2688
Berghain,NN,2685
Cyberpunk,NN,2674
Bildungsbürger,NN,2664
dreißiger,NN,2653
Retro,ADJA,2623
wolkig,ADJA,2611
Schnucki,NE,2555
olivgrün,ADJA,2538
Besitzen,NN,2513
schwarz,PTKVZ,2491
eindämmen,VVFIN,2463
Flash,NN,2433
Guildo,NE,2424
jess,NN,2400
kalt,PTKVZ,2389
Prepaidkarten,NN,2346
AOL,NE,2293
Rapp,NN,2247
Zazou,NE,2224
Singleton,NN,2197
Sechzig,NN,2196
Twitter,VVIMP,2189
NGP,NN,2169
Fortsetzungsroman,NN,2151
sandfarben,ADJA,2129
Rastlosigkeit,NN,2121
Sesshaftigkeit,NN,2111
Vogelmiere,NN,2104
Arschgeweih,NN,2086
lang,ADV,2077
myspace,NN,2073
Münte,NN,2067
Hoppenheim,NE,2061
Khaki,NN,2032
vierziger,NN,2015
Indie,NE,1972
Napoléon,NN,1969
Dunkelrot,NN,1954
Detox,NN,1944
Bisexualität,NN,1928
gay,ADJA,1879
Strapsen,NN,1857
Hashtags,NN,1853
elvis,ADJD,1834
rostrot,ADJA,1816
Weitläufigkeit,NN,1808
uncool,ADJA,1787
Zweitverwertung,NN,1784
Demolition,NN,1781
Schweiz,ADJD,1763
Ike,ADJA,1756
Simferopol,NN,1684
Fuck,ITJ,1681
spd,NN,1679
Organic,NN,1669
Wachsein,NN,1665
Mola,NE,1660
yeah,ADJD,1633
Airbnb,NN,1628
olivgrün,ADJD,1600
SWAT,NN,1597
Toro,ADJA,1519
Tupper,NN,1511
Konsumismus,NN,1502
Village,VVFIN,1495
Moses,NE,1452
Ölscheich,NN,1429
spd,ADJA,1417
sandfarben,ADJD,1400
elvis,ADJA,1358
indie,NE,1354
Napoléon,NE,1346
scharf,PTKVZ,1340
Zumba,NE,1270
Taupe,NN,1262
Handyfoto,NN,1237
Strassenecke,NN,1235
Barça,NE,1229
WhatsApp,NE,1227
Handlesen,NN,1207
Mint,NE,1200
Teamseite,NN,1188
schlicht,VVFIN,1178
Schlappschwanz,NN,1159
ACTA,NE,1158
Sarpei,NE,1150
bashen,VVINF,1123
rund,ADJD,1118
Schmuck,ADJD,1105
Ike,ADJD,1092
queer,ADJA,1081
Ike,NE,1079
LeBron,NN,1064
rostrot,ADJD,1057
Shitstorms,NN,1043
Cupcake,NN,1035
Valve,VVFIN,1024
Ike,VVFIN,1014
Vegane,ADJA,996
queer,ADJD,983
Blauauge,NN,963
indie,NN,951
Catwalk,NE,941
gelb-orange,ADJA,912
queer,VVFIN,901
Ruccola,NE,897
Stop-Motion,NN,884
Schweiz,ADJA,870
Breslin,NE,861
Scars,NE,814
vice,NN,800
Mint,ADJA,798
Fuck,VVIMP,767
Tomte,NN,758
Stasi-Offizier,NN,741
Clausi,NE,709
Eritreer,NN,704
Raver,NN,691
Energy,ADJA,670
Fenriz,NE,669
jess,ADJA,666
Schuhläden,NN,652
Stocki,NE,645
PSP,ADJA,639
Sektsteuer,NN,626
nude,NE,626
Barça,NN,626
nude,NN,591
bashen,VVFIN,579
metrosexuell,ADJA,557
elvis,NN,556
Uncharted,NE,554
metrosexuell,ADJD,545
Platypus,NN,540
Vintage,ADJA,539
Dumitru,NE,528
Ubiquität,NN,522
Cäsar,NN,521
Moodys,NE,517
Emo,ADJA,515
Print,ADJD,513
NeoGeo,NN,509
Print,ADJA,497
Rapp,ADJA,492
Katzencontent,NN,491
Androgynität,NN,488
Neos,NE,484
Telfair,NN,483
Salzau,NN,478
Olivgrün,NE,475
bashen,ADJD,462
queer,NE,456
Achmadinedschad,NE,454
Selbstentblößung,NN,442
TRs,NN,438
Olivgrün,NN,435
WhatsApp,VVFIN,421
Fuck,ADJA,413
Kochblog,NN,402
Selfies,ADJD,397
Unterhaltungsgeräte,NN,395
spd,ADJD,387
Guildo,NN,386
Mola,NN,379
skinny,NE,376
WhatsApp,TRUNC,368
spd,VVFIN,362
SWAT,NE,358
Schnaidt,NE,354
PSP,NE,337
Vassily,NE,327
Florida-Rolf,NE,326
briefmarken,ADJD,324
bashen,NN,312
Scars,NN,309
Glockenbach,NN,304
Titansilber,NN,302
Wellness,NN,301
Energy,ADJD,301
Sephia,NE,288
Roots,NE,284
Liveblogging,NN,282
strong,NN,275
Glam,NN,270
Organic,ADJA,267
briefmarken,ADJA,262
Metrosexualität,NN,261
bashen,ADJA,259
Village,ADJA,257
iPod,VVFIN,248
yeah,ADJA,236
touch,ADJA,235
Hashtags,NE,235
Katzenberger,NN,234
vice,ADJD,229
Retro,TRUNC,229
Münte,NE,224
apps,NE,224
Dezentrale,NN,223
Hartz-IV-Opfer,NN,212
rund,PTKVZ,207
Fuck,ADJD,206
Underworld,ADJA,204
Sarpei,NN,196
Selfies,NN,194
MJ,NN,194
sixty,NN,192
WhatsApp,ADJD,185
tristan,ADJA,184
Ike,NN,184
Werder,NN,183
RIM,ADJD,180
Moodys,NN,175
Umwanderung,NN,170
spd,NE,166
PSP,ADJD,165
Retail,ADJA,162
tristan,ADJD,159
Underworld,ADJD,158
Solaranlagenbesitzer,NN,158
Crocs,ADJA,158
Schnucki,NN,157
sixty,NE,155
Griechenland,NN,149
achtziger,ADJD,146
vice,VVFIN,144
queer,NN,142
Feng,NN,140
Friedenau,ADJD,139
WAV,VVINF,137
Rabbit,ADJD,137
Telfair,NE,136
Snowden-Dokument,NN,133
Window,ADJA,132
Underworld,TRUNC,132
Lübke,NE,131
Wendler,NN,127
Staubmäuse,NN,124
Brötli,NN,123
Twitter,VVFIN,121
touch,VVFIN,117
rosa,ADJA,117
spd,TRUNC,116
Napoléon,ADJA,115
Zeilenumbrüche,ADJD,114
bashen,NE,111
EUDSSR,NE,110
unhip,ADJD,105
englisch,NN,104
Uncharted,ADJA,102
Takam,NE,99
statham,NE,99
Selfies,VVFIN,92
NGP,NE,92
Axiologie,NN,92
Ike,VVIMP,88
Emo,ADJD,88
Münte,ADJA,87
Feng,ADJD,87
Tupper,NE,85
strong,ADJA,83
Selfies,ADJA,83
Kung,ADJA,83
indie,ADJA,80
X,ADJA,79
Bisexualität,ADJD,79
Zeitungsgründung,NN,78
Subprime-Papier,NN,78
Neos,ADJA,77
WhatsApp,ADJA,76
Kidd,VVFIN,76
Vintage,NE,73
Kung,ADJD,73
Rickels,NE,72
Vintage,ADJD,69
Mint,ADJD,67
Golf,NE,66
Emo,VVFIN,66
super,ADJA,65
Tomte,ADJA,60
Pädophil,ADJD,59
Lübke,VVFIN,59
Smarks,NN,58
sechziger,ADJD,58
Brötli,NE,58
Rabbit,ADJA,57
Toro,VVFIN,56
Online-Industrie,NN,56
Valve,ADJA,55
touch,ADJD,55
Shitstorms,NE,55
Rapp,VVFIN,54
NeoGeo,NE,54
elvis,TRUNC,54
SEPA,NN,53
Kleinbild-Film,NN,53
Detox,ADJA,53
Retro-Soul,NN,52
Social,VVFIN,50
Selfies,NE,50
RIM,ADJA,49
Katzencontent,ADJD,49
Chaosschwarz,NN,48
Bloggen,VVINF,47
Simferopol,NE,44
Sprinkles,NN,42
Uncharted,ADJD,41
EUDSSR,NN,41
WAV,VVFIN,40
Islamophobie,ADJD,40
Uefi,NE,39
Ike,TRUNC,39
Pädophil,NE,38
Rickrolling,NN,37
Ike,VVINF,37
Vranjes,NN,36
Tomte,ADJD,36
Salzau,NE,36
Digimonkaiser,NN,36
Moodys,ADJA,35
RIM,VVFIN,33
Retro,ADJD,33
Münte,VVFIN,32
Webdrive,NN,31
WAV,ADJD,31
Totklicken,NN,31
Ruccola,NN,29
Mint,TRUNC,29
Lübke,ADJD,29
iPod,ADJD,29
Hitler,NN,29
Elektro,ADJA,29
Messi,ADJA,28
lang,PTKVZ,28
Glam,ADJA,28
Detox,ADJD,28
Breslin,NN,27
bashen,VVPP,27
queer,VVPP,26
Emo,VVIMP,26
Electronica,NN,26
Tiltshift,NN,25
Taupe,NE,25
Smarks,NE,25
Selfies,VVIMP,25
premium,VVFIN,25
Lübke,ADJA,25
indie,ADJD,25
queer,VVIMP,24
Guildo,ADJA,24
Friedenau,NN,24
Tiltshift,NE,23
Rapp,ADJD,23
bashen,TRUNC,23
Tomte,VVFIN,22
Selfies,TRUNC,22
Faberge-Ei,NN,22
touch,NN,21
Glam,TRUNC,21
Underworld,VVFIN,20
Tupper,ADJA,20
Toro,ADJD,20
strong,VVFIN,20
myspace,ADJA,20
Crocs,ADJD,20
nude,ADJA,19
bashen,VVIMP,19
Weiß,NE,18
skinny,ADJA,18
Retail,VVFIN,18
yär,NN,17
Telfair,ADJD,17
queer,TRUNC,17
nude,ADJD,17
strong,ADJD,16
Shelfies,NN,16
Rolfes,ADJA,16
queer,VVINF,16
Cürbis,NE,16
Sarpei,VVIMP,15
Rickrolling,NE,15
Ike,VVPP,15
Shelfies,ADJD,14
Karlsruhe,NN,14
Breslin,ADJD,14
Sprinkles,ADJA,13
Mint,VVFIN,13
ACTA,TRUNC,13
SEPA,ADJA,12
Seifenblasenmachen,NN,12
Nerds,NE,12
indie,VVFIN,12
Crocs,VVFIN,12
Chávez,VVIMP,12
cdu,NE,12
BS,ADJA,12
Airbnb,NE,12
A,ADJA,12
Strapsen,TRUNC,11
Lemmy,NN,11
spd,VVINF,10
Rabbit,NE,10
Organic,TRUNC,10
myspace,ADJD,10
Messi,ADJD,10
Kidd,ADJD,10
apps,VVFIN,10
A,ADJD,10
Telfair,ADJA,9
spd,VVIMP,9
LeBron,ADJD,9
Islamophobie,ADJA,9
skinny,ADJD,8
Putin,NN,8
NeoGeo,ADJA,8
LeBron,ADJA,8
Klucki,NE,8
Detox,VVFIN,8
Brötli,TRUNC,8
Barça,ADJD,8
AOL,ADJD,8
Toro,TRUNC,7
Taupe,ADJA,7
Shelfies,NE,7
schweinchenpink,ADJD,7
Scars,ADJA,7
Retail,ADJD,7
myspace,VVFIN,7
Erbgut,ADJD,7
Cürbis,NN,7
Crocs,NN,7
Bisexualität,ADJA,7
A-Bloggen,NN,7
U,ADJA,6
Schokotoffee,NN,6
Mola,ADJA,6
Liveblogging,NE,6
F,ADJD,6
apps,ADJD,6
Window,ADJD,5
Tieranleihe,NN,5
Telfair,TRUNC,5
Stocki,NN,5
Selfies,VVPP,5
PSP,VVIMP,5
MJ,VVFIN,5
Kidd,NN,5
Clausi,VVFIN,5
Zeilenumbrüche,ADJA,4
Window,VVIMP,4
Vintage,VVIMP,4
Ubiquität,ADJD,4
Telfair,VVFIN,4
Strapsen,NE,4
skinny,VVFIN,4
Sarpei,VVFIN,4
nude,VVFIN,4
Kidd,ADJA,4
Fuck,VVFIN,4
Fenriz,ADJA,4
Birthdayparties,NE,4
Barça,ADJA,4
apps,ADJA,4
Zehenlese,NN,3
X,ADJD,3
WordPress,NN,3
WhatsApp,VVIMP,3
Weinmafia,NN,3
vice,VVIMP,3
U,ADJD,3
Tattootapete,NN,3
Takam,NN,3
Stocki,ADJD,3
Selfies,VVINF,3
Scars,VVFIN,3
RIM,VVIMP,3
Prepaidkarten,ADJA,3
Napoléon,ADJD,3
Mola,ADJD,3
Lemmy,VVFIN,3
LeBron,VVFIN,3
WordPress,ADJD,2
Vintage,VVFIN,2
Village,ADJD,2
Valve,ADJD,2
Uefi,NN,2
TTIP,NE,2
TRs,VVFIN,2
Teilzeit-Arbeitslosigkeit,NN,2
Stuttgart,NN,2
Sprinkles,NE,2
spd,VVPP,2
Prepaidkarten,NE,2
Netrobko,NE,2
Moodys,VVFIN,2
Mint,VVPP,2
Made-in-Japan,NE,2
Liveblogging,ADJD,2
Liveblogging,ADJA,2
Hippstar,NN,2
Hamburg,ADJD,2
Gastrosexualität,NN,2
Film-Nazi,NN,2
E,ADJD,2
Döner-Schick,NN,2
BS,NN,2
Breslin,VVFIN,2
zilln,NE,1
Zazou,ADJA,1
YouTube,NN,1
yär,ADJD,1
Y,ADJD,1
Y,ADJA,1
WordPress,ADJA,1
Woolnessen,NN,1
Woolnessen,NE,1
Window,VVFIN,1
Video,ADJA,1
vice,VVPP,1
Ubiquität,ADJA,1
Tupper,VVIMP,1
Toro,VVIMP,1
Tiltshift,ADJA,1
Takam,VVFIN,1
Tagebuch,ADJD,1
Stripes,ADJA,1
Strapsen,ADJD,1
Stocki,ADJA,1
Standard,ADJA,1
Sprinkles,ADJD,1
Sony,NN,1
Smartphone-Zahler,NN,1
skinny,NN,1
Shitstorms,VVFIN,1
schweinchenpink,ADJA,1
Schnucki,VVFIN,1
Schnaidt,NN,1
schilln,VVFIN,1
schilln,NE,1
Sarpei,ADV,1
Sarpei,ADJD,1
Salzau,ADJA,1
RIM,VVPP,1
PSP,VVPP,1
PSP,VVFIN,1
PR,ADJA,1
Passend-Herausgeber,NN,1
Paris,ADJD,1
Neos,ADJD,1
München,ADJD,1
MP,NN,1
MP,ADJA,1
Moodys,ADJD,1
Mint,VVINF,1
Markus,NN,1
Lübke,VVIMP,1
Liveblogging,TRUNC,1
Karriere-Rockstar,NN,1
Islamophobie,TRUNC,1
Gut(haben),NN,1
Fenriz,NN,1
F,ADJA,1
Facebook-Add,NE,1
Essen,ADJD,1
Emo,VVPP,1
Electronica,VVFIN,1
EA,NN,1
Dronies,NN,1
DC,NN,1
DC,ADJD,1
BS,ADJD,1
Blue,VVFIN,1
Berlin,NN,1
Berlin,ADJA,1
Bayern,NN,1
Bad,ADJA,1
Alt,ADJD,1
Airbnb,TRUNC,1
Airbnb,ADJD,1
Airbnb,ADJA,1
